svc_name	sequence	stop_id	name_en	name_mm	road_en	road_mm	township_en	township_mm	lat	lng
65B	1	1586	Auk Gate	အောက်ဂိတ်	Hlawga Road	လှော်ကားလမ်း	Shwe Pyithar	ရွှေပြည်သာ	17.001290988514025	96.0665893368423
65B	2	1590	Aung Myittar	အောင်မေတ္တာ	Mahabandoola Road	မဟာဗန္ဓုလလမ်း	Shwe Pyithar	ရွှေပြည်သာ	16.99060753424807	96.07068402227014
65B	3	1589	Aung Chan Thar	အောင်ချမ်းသာ	Mahabandoola Road	မဟာဗန္ဓုလလမ်း	Shwe Pyithar	ရွှေပြည်သာ	16.988991570659145	96.0711809853092
65B	4	1592	Nyein Chan Yae	ငြိမ်းချမ်းရေး	Mahabandoola Road	မဟာဗန္ဓုလလမ်း	Shwe Pyithar	ရွှေပြည်သာ	16.986572609309896	96.07183397747578
65B	5	1572	Na-gyi Kwae	(ဏ) ကွေ့	Mahar Myaing Road	မဟာမြိုင်လမ်း	Shwe Pyithar	ရွှေပြည်သာ	16.982994531834905	96.07127115363255
65B	6	1574	Yone Shae	ရုံးရှေ့	Mahar Myaing Road	မဟာမြိုင်လမ်း	Shwe Pyithar	ရွှေပြည်သာ	16.982581407192182	96.07241920195521
65B	7	1570	Koe Thone Lone	ကိုးသုံးလုံး	Mahar Myaing Road	မဟာမြိုင်လမ်း	Shwe Pyithar	ရွှေပြည်သာ	16.98212	96.074427
65B	8	1580	Sin Hnat Kaung	ဆင်နှစ်ကောင်	Mahar Myaing Road	မဟာမြိုင်လမ်း	Shwe Pyithar	ရွှေပြည်သာ	16.981726496424493	96.07598591130228
65B	9	1582	Thone Htate	(၃) ထိပ်	Bayint Naung Road	ဘုရင့်နောင်လမ်း	Shwe Pyithar	ရွှေပြည်သာ	16.98139269177223	96.07731699943542
65B	10	1579	Nga Mauk Zay	ငမောက်ဈေး	Bayint Naung Road	ဘုရင့်နောင်လမ်း	Shwe Pyithar	ရွှေပြည်သာ	16.97968610220012	96.0768779134378
65B	11	1585	Yae Chan Sin	ရေချမ်းစင်	Bayint Naung Road	ဘုရင့်နောင်လမ်း	Shwe Pyithar	ရွှေပြည်သာ	16.97666805772777	96.07608075253667
65B	12	85	Nawarat	နဝရတ်	Bayint Naung Road	ဘုရင့်နောင်လမ်း	Shwe Pyithar	ရွှေပြည်သာ	16.972579801702338	96.07597602065654
65B	13	1577	Kyaw Swar	ကျော်စွာ	Bayint Naung Road	ဘုရင့်နောင်လမ်း	Shwe Pyithar	ရွှေပြည်သာ	16.969006	96.076959
65B	14	1567	Taw Win	တော်ဝင်	Bayint Naung Road	ဘုရင့်နောင်လမ်း	Shwe Pyithar	ရွှေပြည်သာ	16.965999	96.078163
65B	15	1564	Shwe Nyar Maung	ရွှေညာမောင်	Bayint Naung Road	ဘုရင့်နောင်လမ်း	Shwe Pyithar	ရွှေပြည်သာ	16.963536	96.078356
65B	16	1557	Kar Gyi Gate	ကားကြီးဂိတ်	Bayint Naung Road	ဘုရင့်နောင်လမ်း	Shwe Pyithar	ရွှေပြည်သာ	16.961626494048822	96.0777669819072
65B	17	1563	Say Khan	ဆေးခန်း	Bayint Naung Road	ဘုရင့်နောင်လမ်း	Shwe Pyithar	ရွှေပြည်သာ	16.95859292618001	96.07674677856266
65B	18	83	Htan Chauk Pin	ထန်းခြောက်ပင်	Bogyoke Aung San Road	ဗိုလ်ချုပ်အောင်ဆန်းလမ်း	Shwe Pyithar	ရွှေပြည်သာ	16.956804	96.076328
65B	19	1558	Kar Lay Gate	ကားလေးဂိတ်	Bogyoke Aung San Road	ဗိုလ်ချုပ်အောင်ဆန်းလမ်း	Shwe Pyithar	ရွှေပြည်သာ	16.956271	96.080888
65B	20	1560	Khaung Thone Lone	ခေါင်သုံးလုံး	Bogyoke Aung San Road	ဗိုလ်ချုပ်အောင်ဆန်းလမ်း	Shwe Pyithar	ရွှေပြည်သာ	16.957061	96.084074
65B	21	1568	Than Lan	သံလမ်း	Bogyoke Aung San Road	ဗိုလ်ချုပ်အောင်ဆန်းလမ်း	Shwe Pyithar	ရွှေပြည်သာ	16.95783	96.087239
65B	22	1523	Yae Sin	ရေစင်	Bogyoke Aung San Road	ဗိုလ်ချုပ်အောင်ဆန်းလမ်း	Shwe Pyithar	ရွှေပြည်သာ	16.95977	96.091937
65B	23	2358	Shwe Pyi Thar Kwae	ရွှေပြည်သာကွေ့	Bogyoke Aung San Road	ဗိုလ်ချုပ်အောင်ဆန်းလမ်း	Shwe Pyithar	ရွှေပြည်သာ	16.961032251324756	96.09628807520495
65B	24	1518	Sit Tat	စစ်တပ်	No. 4 Main Road	အမှတ်(၄)လမ်းမ	Shwe Pyithar	ရွှေပြည်သာ	16.958026253880583	96.09734735917301
65B	25	1509	Kyaung Lan	ကျောင်းလမ်း	No. 4 Main Road	အမှတ်(၄)လမ်းမ	Shwe Pyithar	ရွှေပြည်သာ	16.951929487848194	96.0998342279345
65B	26	1506	Kan Tharyar	ကန်သာယာ	No. 4 Main Road	အမှတ်(၄)လမ်းမ	Shwe Pyithar	ရွှေပြည်သာ	16.950086889460792	96.10064140520991
65B	27	1511	Myin Hlae Gate	မြင်းလှည်းဂိတ်	No. 4 Main Road	အမှတ်(၄)လမ်းမ	Shwe Pyithar	ရွှေပြည်သာ	16.944725	96.102603
65B	28	1513	Phone Gyi Kyaung	ဘုန်းကြီးကျောင်း	No. 4 Main Road	အမှတ်(၄)လမ်းမ	Shwe Pyithar	ရွှေပြည်သာ	16.942929	96.102614
65B	29	1515	Sauk Lote Yae	ဆောက်လုပ်ရေး	No. 4 Main Road	အမှတ်(၄)လမ်းမ	Shwe Pyithar	ရွှေပြည်သာ	16.94143	96.102625
65B	30	70	Danyin Gone Lan Sone	ဒညင်းကုန်းလမ်းဆုံ	Lower Mingalardon Road	အောက်မင်္ဂလာဒုံလမ်း	Insein	အင်းစိန်	16.93334660815077	96.10175833571702
65B	31	1379	Bo Chan	ဘိုခြံ	Lower Mingalardon Road	အောက်မင်္ဂလာဒုံလမ်း	Insein	အင်းစိန်	16.930069803122507	96.10099055338652
65B	32	1383	Ywar Thit	ရွာသစ်	Lower Mingalardon Road	အောက်မင်္ဂလာဒုံလမ်း	Insein	အင်းစိန်	16.92549591591529	96.09853390138596
65B	33	1377	Aung San Zay	အောင်ဆန်းဈေး	Lower Mingalardon Road	အောက်မင်္ဂလာဒုံလမ်း	Insein	အင်းစိန်	16.92158657359925	96.09760954510422
65B	34	1382	Kyaung Gate	ကျောင်းဂိတ်	Lower Mingalardon Road	အောက်မင်္ဂလာဒုံလမ်း	Insein	အင်းစိန်	16.917977527826658	96.0973806353286
65B	35	41	Tit Gate	(၁) ဂိတ်	Lower Mingalardon Road	အောက်မင်္ဂလာဒုံလမ်း	Insein	အင်းစိန်	16.91550135721653	96.09722418710592
65B	36	1363	Saung Hnit	ဆောင် (၂)	Lower Mingalardon Road	အောက်မင်္ဂလာဒုံလမ်း	Insein	အင်းစိန်	16.911949854431207	96.09726368682459
65B	37	1355	Phot Kan Zay	ဖော့ကန်ဈေး	Lower Mingalardon Road	အောက်မင်္ဂလာဒုံလမ်း	Insein	အင်းစိန်	16.907714315111864	96.09755581710488
65B	38	43	Japan Lan	ဂျပန်လမ်း	Lower Mingalardon Road	အောက်မင်္ဂလာဒုံလမ်း	Insein	အင်းစိန်	16.905062077475037	96.09768565278502
65B	39	1361	Pyi Taw Thar/ G.T.I Htate	ပြည်တော်သာ/(GTI)ထိပ်	Lower Mingalardon Road	အောက်မင်္ဂလာဒုံလမ်း	Insein	အင်းစိန်	16.900988906263134	96.09709422569722
65B	40	1360	Pyi Taw Thar	ပြည်တော်သာ	Min Gyi Road	မင်းကြီးလမ်း	Insein	အင်းစိန်	16.90061315461297	96.09785547014329
65B	41	1365	Thayet Taw	သရက်တော	Min Gyi Road	မင်းကြီးလမ်း	Insein	အင်းစိန်	16.902188696058865	96.10298538347709
65B	42	1367	Bo Kone	ဗိုလ်ကုန်း	Min Gyi Road	မင်းကြီးလမ်း	Insein	အင်းစိန်	16.900902050977837	96.10639025922868
65B	43	1370	Hight Pak	ဟိုက်ပက်	Min Gyi Road	မင်းကြီးလမ်း	Insein	အင်းစိန်	16.898819557221824	96.10545127652587
65B	44	1350	Ma Nya Ka	မညက	Min Gyi Street	မင်းကြီးလမ်းသွယ်	Insein	အင်းစိန်	16.897026	96.104942
65B	45	1348	Insein Say Yon Gyi	အင်းစိန်ဆေးရုံကြီး	Min Gyi Road	မင်းကြီးလမ်း	Insein	အင်းစိန်	16.892273	96.105639
65B	46	1345	Insein Pan Chan	အင်းစိန်ပန်းခြံ	Min Gyi Road	မင်းကြီးလမ်း	Insein	အင်းစိန်	16.887531514108538	96.10758610535414
65B	47	1342	B.O.C	ဘီအိုစီ	Yangon-Insein Road	ရန်ကုန်-အင်းစိန်လမ်း	Insein	အင်းစိန်	16.884919917579392	96.10990806017071
65B	48	1313	Kyoe Kone	ကြို့ကုန်း	Yangon-Insein Road	ရန်ကုန်-အင်းစိန်လမ်း	Insein	အင်းစိန်	16.878436988253824	96.11263456754386
65B	49	1310	B.P.I	ဘီပီအိုင်	Yangon-Insein Road	ရန်ကုန်-အင်းစိန်လမ်း	Insein	အင်းစိန်	16.874841	96.116313
65B	50	1253	Kha Wae Chan	ခဝဲခြံ	Yangon-Insein Road	ရန်ကုန်-အင်းစိန်လမ်း	Mayangone	မရမ်းကုန်း	16.869274405472567	96.11956872744487
65B	51	1251	Kalar Kyaung	ကုလားကျောင်း	Yangon-Insein Road	ရန်ကုန်-အင်းစိန်လမ်း	Mayangone	မရမ်းကုန်း	16.865719	96.120693
65B	52	1222	Thamine Lan Son	သမိုင်းလမ်းဆုံ	Yangon-Insein Road	ရန်ကုန်-အင်းစိန်လမ်း	Mayangone	မရမ်းကုန်း	16.863580854665273	96.12128087785096
65B	53	1219	Paya Lan	ဘုရားလမ်း	Yangon-Insein Road	ရန်ကုန်-အင်းစိန်လမ်း	Hlaing	လှိုင်	16.858449573541584	96.1232297960669
65B	54	1218	Oakyin	အုတ်ကျင်း	Yangon-Insein Road	ရန်ကုန်-အင်းစိန်လမ်း	Hlaing	လှိုင်	16.85535357935823	96.12357353791595
65B	55	1211	Bartar	ဘာတာ	Yangon-Insein Road	ရန်ကုန်-အင်းစိန်လမ်း	Hlaing	လှိုင်	16.852028788549283	96.12414786592129
65B	56	1180	Than Lan	သံလမ်း	Yangon-Insein Road	ရန်ကုန်-အင်းစိန်လမ်း	Hlaing	လှိုင်	16.846071	96.125475
65B	57	1182	Thukha	သုခ	Yangon-Insein Road	ရန်ကုန်-အင်းစိန်လမ်း	Hlaing	လှိုင်	16.840511	96.12683
65B	58	1171	Butar Yon Lan	ဘူတာရုံလမ်း	Yangon-Insein Road	ရန်ကုန်-အင်းစိန်လမ်း	Hlaing	လှိုင်	16.837466	96.127449
65B	59	1176	Sin Yae Twin	ဆင်ရေတွင်း	Yangon-Insein Road	ရန်ကုန်-အင်းစိန်လမ်း	Kamayut	ကမာရွတ်	16.833769	96.128565
65B	60	1174	San Yeik Nyein	စံရိပ်ငြိမ်	Yangon-Insein Road	ရန်ကုန်-အင်းစိန်လမ်း	Kamayut	ကမာရွတ်	16.83080186323241	96.12952651223169
65B	61	288	Hledan	လှည်းတန်း	Yangon-Insein Road	ရန်ကုန်-အင်းစိန်လမ်း	Kamayut	ကမာရွတ်	16.827968991730348	96.13019763026388
65B	62	320	Saik Pyoe Yay	စိုက်ပျိုးရေး	Pyay Road	ပြည်လမ်း	Kamayut	ကမာရွတ်	16.817302720172133	96.1332632484846
65B	63	263	Hantharwaddy	ဟံသာဝတီ	Pyay Road	ပြည်လမ်း	San Chaung	စမ်းချောင်း	16.81193620836817	96.13480080384763
65B	64	265	Mahar Myaing	မဟာမြိုင်	Pyay Road	ပြည်လမ်း	San Chaung	စမ်းချောင်း	16.80813755165241	96.13589079341183
65B	65	269	Myaynigone	မြေနီကုန်း (ပြည်လမ်း)	Pyay Road	ပြည်လမ်း	San Chaung	စမ်းချောင်း	16.805399	96.136748
65B	66	267	Myaynigone	မြေနီကုန်း	Bargayar Road	ဗားဂရာလမ်း	San Chaung	စမ်းချောင်း	16.8037478786025	96.13814299016668
65B	67	2389	Wizaya Plaza	ဝိဇယပလာဇာ	Dhamazedi Road	ဓမ္မစေတီလမ်း	Bahan	ဗဟန်း	16.8050307383558	96.1434358686529
65B	68	222	Link Lan	လင့်လမ်း	Shwe Gon Road	ရွှေဂုံလမ်း	Bahan	ဗဟန်း	16.805999079236297	96.14723340186174
65B	69	224	Oak Lan	အုတ်လမ်း	West Shwe Gon Daing Road	အနောက်ရွှေဂုံတိုင်လမ်း	Bahan	ဗဟန်း	16.804344087884044	96.1511853185948
65B	70	228	Shwe Gon Daing	ရွှေဂုံတိုင်	West Shwe Gon Daing Road	အနောက်ရွှေဂုံတိုင်လမ်း	Bahan	ဗဟန်း	16.805293836643138	96.15444100694732
65B	71	231	Shwe Gon Daing	ရွှေဂုံတိုင်	East Shwe Gon Daing Road	အရှေ့ရွှေဂုံတိုင်လမ်း	Bahan	ဗဟန်း	16.806550186916283	96.15607654675843
65B	72	226	Bandar Pin	ဗန်ဒါပင်	East Shwe Gon Daing Road	အရှေ့ရွှေဂုံတိုင်လမ်း	Bahan	ဗဟန်း	16.809993885588426	96.16076869424434
65B	73	234	Ngar Htat Kyee	(၅) ထပ်ကြီး	East Shwe Gon Daing Road	အရှေ့ရွှေဂုံတိုင်လမ်း	Bahan	ဗဟန်း	16.810501025184656	96.1633197264746
65B	74	233	Chauk Htat Kyee	(၆) ထပ်ကြီး	East Shwe Gon Daing Road	အရှေ့ရွှေဂုံတိုင်လမ်း	Bahan	ဗဟန်း	16.811227	96.165963
65B	75	332	Awine Htate/ Tamwe	အဝိုင်းထိပ်/ တာမွေ	East Shwe Gon Daing Road	အရှေ့ရွှေဂုံတိုင်လမ်း	Bahan	ဗဟန်း	16.81149101866884	96.16997592855115
65B	76	238	Byaing Yae Oh Sin	ဗျိုင်းရေအိုးစင်	Banyardala Road	ဗညားဒလလမ်း	Tamwe	တာမွေ	16.80649379907491	96.17212619399655
65B	77	388	Thida	သီတာ	Banyardala Road	ဗညားဒလလမ်း	Mingalar Taung Nyunt	မင်္ဂလာတောင်ညွန့်	16.799386810982924	96.17579292040321
65B	78	374	Aung Mingalar	အောင်မင်္ဂလာ	Banyardala Road	ဗညားဒလလမ်း	Mingalar Taung Nyunt	မင်္ဂလာတောင်ညွန့်	16.79630894928623	96.1766241118312
65B	79	454	Yuzana Plaza/ Lan Kyal	ယုဇနပလာဇာ/လမ်းကျယ်	Banyardala Road	ဗညားဒလလမ်း	Mingalar Taung Nyunt	မင်္ဂလာတောင်ညွန့်	16.79446266570228	96.17558569880204
65B	80	444	Mingalar Zay	မင်္ဂလာဈေး	Mill Road	စက်ရုံလမ်း	Mingalar Taung Nyunt	မင်္ဂလာတောင်ညွန့်	16.79177780504188	96.17451729951428
65B	81	450	Sar Taik	စာတိုက်	Upper Pazundaung Road	အထက်ပုဇွန်တောင်လမ်း	Pazundaung	ပုဇွန်တောင်	16.784480218365655	96.17485465016216
65B	82	448	Pazundaung Zay	ပုဇွန်တောင်ဈေး	Upper Pazundaung Road	အထက်ပုဇွန်တောင်လမ်း	Pazundaung	ပုဇွန်တောင်	16.78161309073329	96.17429679259658
65B	83	445	Nyaung Tan	ညောင်တန်း	Lower Pazundaung Road	အောက်ပုဇွန်တောင်လမ်း	Pazundaung	ပုဇွန်တောင်	16.77814227405194	96.17549379123376
65B	84	424	Thida Seik	သီတာဆိပ်	Lower Pazundaung Road	အောက်ပုဇွန်တောင်လမ်း	Pazundaung	ပုဇွန်တောင်	16.774333	96.180194
65B	85	422	Lin Sadaung	လင်းစဒေါင်း	Strand Road	ကမ်းနားလမ်း	Pazundaung	ပုဇွန်တောင်	16.7691504242463	96.18046187097208
65B	86	413	Botahtaung Zay	ဗိုလ်တထောင်ဈေး	Strand Road	ကမ်းနားလမ်း	Pazundaung	ပုဇွန်တောင်	16.769349354982467	96.17495725840854
65B	87	167	Botahtaung Paya	ဗိုလ်တထောင်ဘုရား	Strand Road	ကမ်းနားလမ်း	Seikkan	ဆိပ်ကမ်း	16.769591556452138	96.17250742390753
65B	88	414	Botahtaung Zay	ဗိုလ်တထောင်ဈေး	Strand Road	ကမ်းနားလမ်း	Pazundaung	ပုဇွန်တောင်	16.769167136957893	96.17486310900858
65B	89	421	Lin Sadaung	လင်းစဒေါင်း	Strand Road	ကမ်းနားလမ်း	Pazundaung	ပုဇွန်တောင်	16.768980658676362	96.18034081533553
65B	90	425	Thida Seik	သီတာဆိပ်	Lower Pazundaung Road	အောက်ပုဇွန်တောင်လမ်း	Pazundaung	ပုဇွန်တောင်	16.77462	96.180076
65B	91	446	Nyaung Tan	ညောင်တန်း	Lower Pazundaung Road	အောက်ပုဇွန်တောင်လမ်း	Pazundaung	ပုဇွန်တောင်	16.77857725311318	96.1752471746877
65B	92	447	Pazundaung Zay	ပုဇွန်တောင်ဈေး	Upper Pazundaung Road	အထက်ပုဇွန်တောင်လမ်း	Pazundaung	ပုဇွန်တောင်	16.78022529329327	96.17454728577287
65B	93	449	Sar Taik	စာတိုက်	Upper Pazundaung Road	အထက်ပုဇွန်တောင်လမ်း	Pazundaung	ပုဇွန်တောင်	16.784401976400744	96.17494081612678
65B	94	443	Mingalar Zay	မင်္ဂလာဈေး	Mill Road	စက်ရုံလမ်း	Mingalar Taung Nyunt	မင်္ဂလာတောင်ညွန့်	16.791772569051048	96.17468064185232
65B	95	453	Yuzana Plaza/ Lan Kyal	ယုဇနပလာဇာ/လမ်းကျယ်	Banyardala Road	ဗညားဒလလမ်း	Mingalar Taung Nyunt	မင်္ဂလာတောင်ညွန့်	16.794241794144632	96.1756777111441
65B	96	375	Aung Mingalar	အောင်မင်္ဂလာ	Banyardala Road	ဗညားဒလလမ်း	Mingalar Taung Nyunt	မင်္ဂလာတောင်ညွန့်	16.796485925479523	96.17683447664605
65B	97	387	Thida	သီတာ	Banyardala Road	ဗညားဒလလမ်း	Mingalar Taung Nyunt	မင်္ဂလာတောင်ညွန့်	16.79939878707904	96.1760182469152
65B	98	239	Byaing Yae Oh Sin	ဗျိုင်းရေအိုးစင်	Banyardala Road	ဗညားဒလလမ်း	Tamwe	တာမွေ	16.806694055071702	96.17217367747799
65B	99	333	Awine Htate/ Tamwe	အဝိုင်းထိပ်/ တာမွေ	East Shwe Gon Daing Road	အရှေ့ရွှေဂုံတိုင်လမ်း	Bahan	ဗဟန်း	16.81164669784772	96.17015008338059
65B	100	232	Chauk Htat Kyee	(၆) ထပ်ကြီး	East Shwe Gon Daing Road	အရှေ့ရွှေဂုံတိုင်လမ်း	Bahan	ဗဟန်း	16.811207	96.165464
65B	101	235	Ngar Htat Kyee	(၅) ထပ်ကြီး	East Shwe Gon Daing Road	အရှေ့ရွှေဂုံတိုင်လမ်း	Bahan	ဗဟန်း	16.810709	96.163007
65B	102	227	Bandar Pin	ဗန်ဒါပင်	East Shwe Gon Daing Road	အရှေ့ရွှေဂုံတိုင်လမ်း	Bahan	ဗဟန်း	16.810236	96.160738
65B	103	2177	Shwe Gon Daing	ရွှေဂုံတိုင်	East Shwe Gon Daing Road	အရှေ့ရွှေဂုံတိုင်လမ်း	Bahan	ဗဟန်း	16.80679	96.156254
65B	104	229	Shwe Gon Daing	ရွှေဂုံတိုင်	West Shwe Gon Daing Road	အနောက်ရွှေဂုံတိုင်လမ်း	Bahan	ဗဟန်း	16.805571665361676	96.15438880864532
65B	105	225	Oak Lan	အုတ်လမ်း	West Shwe Gon Daing Road	အနောက်ရွှေဂုံတိုင်လမ်း	Bahan	ဗဟန်း	16.804480996918812	96.15122687187979
65B	106	223	Link Lan	လင့်လမ်း	Shwe Gon Road	ရွှေဂုံလမ်း	Bahan	ဗဟန်း	16.806090939455864	96.14742122246754
65B	107	274	Wizaya Plaza	ဝိဇယပလာဇာ	Dhamazedi Road	ဓမ္မစေတီလမ်း	Bahan	ဗဟန်း	16.805219943235446	96.14327571864125
65B	108	266	Myaynigone	မြေနီကုန်း	Bargayar Road	ဗားဂရာလမ်း	San Chaung	စမ်းချောင်း	16.803804	96.138814
65B	109	264	Mahar Myaing	မဟာမြိုင်	Pyay Road	ပြည်လမ်း	San Chaung	စမ်းချောင်း	16.806672	96.13654
65B	110	262	Hantharwaddy	ဟံသာဝတီ	Pyay Road	ပြည်လမ်း	San Chaung	စမ်းချောင်း	16.811922855564923	96.13503597189266
65B	111	319	Saik Pyoe Yay	စိုက်ပျိုးရေး	Pyay Road	ပြည်လမ်း	Kamayut	ကမာရွတ်	16.817862	96.133326
65B	112	287	Hledan	လှည်းတန်း	Yangon-Insein Road	ရန်ကုန်-အင်းစိန်လမ်း	Kamayut	ကမာရွတ်	16.827952	96.130435
65B	113	1175	San Yeik Nyein	စံရိပ်ငြိမ်	Yangon-Insein Road	ရန်ကုန်-အင်းစိန်လမ်း	Kamayut	ကမာရွတ်	16.831942429089896	96.12954480573538
65B	114	1177	Sin Yae Twin	ဆင်ရေတွင်း	Yangon-Insein Road	ရန်ကုန်-အင်းစိန်လမ်း	Kamayut	ကမာရွတ်	16.834325849790382	96.12863868009302
65B	115	1170	Butar Yon Lan	ဘူတာရုံလမ်း	Yangon-Insein Road	ရန်ကုန်-အင်းစိန်လမ်း	Hlaing	လှိုင်	16.83729665475637	96.1277522519231
65B	116	1181	Thukha	သုခ	Yangon-Insein Road	ရန်ကုန်-အင်းစိန်လမ်း	Hlaing	လှိုင်	16.84047	96.127017
65B	117	1179	Than Lan	သံလမ်း	Yangon-Insein Road	ရန်ကုန်-အင်းစိန်လမ်း	Hlaing	လှိုင်	16.845174404267453	96.1259302776307
65B	118	1212	Bartar	ဘာတာ	Yangon-Insein Road	ရန်ကုန်-အင်းစိန်လမ်း	Hlaing	လှိုင်	16.851150141657822	96.12455583410339
65B	119	1217	Oakyin	အုတ်ကျင်း	Yangon-Insein Road	ရန်ကုန်-အင်းစိန်လမ်း	Hlaing	လှိုင်	16.854916470149714	96.12391686066985
65B	120	2392	Paya Lan	ဘုရားလမ်း	Yangon-Insein Road	ရန်ကုန်-အင်းစိန်လမ်း	Hlaing	လှိုင်	16.8577458299178	96.1235475540161
65B	121	1223	Thamine Lan Son	သမိုင်းလမ်းဆုံ	Yangon-Insein Road	ရန်ကုန်-အင်းစိန်လမ်း	Mayangone	မရမ်းကုန်း	16.86102136801801	96.12232748419049
65B	122	1250	Kalar Kyaung	ကုလားကျောင်း	Yangon-Insein Road	ရန်ကုန်-အင်းစိန်လမ်း	Mayangone	မရမ်းကုန်း	16.864784	96.121143
65B	123	1252	Kha Wae Chan	ခဝဲခြံ	Yangon-Insein Road	ရန်ကုန်-အင်းစိန်လမ်း	Mayangone	မရမ်းကုန်း	16.869492	96.119748
65B	124	1311	B.P.I	ဘီပီအိုင်	Yangon-Insein Road	ရန်ကုန်-အင်းစိန်လမ်း	Insein	အင်းစိန်	16.875178616130857	96.11636074259879
65B	125	1312	Kyoe Kone	ကြို့ကုန်း	Yangon-Insein Road	ရန်ကုန်-အင်းစိန်လမ်း	Insein	အင်းစိန်	16.8784827070093	96.11278095748277
65B	126	1341	B.O.C	ဘီအိုစီ	Yangon-Insein Road	ရန်ကုန်-အင်းစိန်လမ်း	Insein	အင်းစိန်	16.884947027069753	96.11010398715734
65B	127	1346	Insein Pan Chan	အင်းစိန်ပန်းခြံ	Min Gyi Road	မင်းကြီးလမ်း	Insein	အင်းစိန်	16.8876457653682	96.1077884444967
65B	128	1347	Insein Say Yon Gyi	အင်းစိန်ဆေးရုံကြီး	Min Gyi Road	မင်းကြီးလမ်း	Insein	အင်းစိန်	16.892232	96.105865
65B	129	1349	Ma Nya Ka	မညက	Min Gyi Street	မင်းကြီးလမ်းသွယ်	Insein	အင်းစိန်	16.896944	96.105124
65B	130	1369	Hight Pak	ဟိုက်ပက်	Min Gyi Road	မင်းကြီးလမ်း	Insein	အင်းစိန်	16.898659	96.10567
65B	131	1368	Bo Kone	ဗိုလ်ကုန်း	Min Gyi Road	မင်းကြီးလမ်း	Insein	အင်းစိန်	16.900917	96.1067
65B	132	1366	Thayet Taw	သရက်တော	Min Gyi Road	မင်းကြီးလမ်း	Insein	အင်းစိန်	16.90230017160356	96.1028949217871
65B	133	1359	Pyi Taw Thar	ပြည်တော်သာ	Min Gyi Road	မင်းကြီးလမ်း	Insein	အင်းစိန်	16.900780188855	96.097832985688
65B	134	44	Japan Lan	ဂျပန်လမ်း	Lower Mingalardon Road	အောက်မင်္ဂလာဒုံလမ်း	Insein	အင်းစိန်	16.90502450516036	96.09781016595663
65B	135	1356	Phot Kan Zay	ဖော့ကန်ဈေး	Lower Mingalardon Road	အောက်မင်္ဂလာဒုံလမ်း	Insein	အင်းစိန်	16.907637768103342	96.0976756573655
65B	136	1364	Saung Hnit	ဆောင် (၂)	Lower Mingalardon Road	အောက်မင်္ဂလာဒုံလမ်း	Insein	အင်းစိန်	16.911906288978923	96.09734033932911
65B	137	42	Tit Gate	(၁) ဂိတ်	Lower Mingalardon Road	အောက်မင်္ဂလာဒုံလမ်း	Insein	အင်းစိန်	16.915288559472796	96.0973123995973
65B	138	1381	Kyaung Gate	ကျောင်းဂိတ်	Lower Mingalardon Road	အောက်မင်္ဂလာဒုံလမ်း	Insein	အင်းစိန်	16.91788444547496	96.09746233792977
65B	139	1378	Aung San Zay	အောင်ဆန်းဈေး	Lower Mingalardon Road	အောက်မင်္ဂလာဒုံလမ်း	Insein	အင်းစိန်	16.92132490016646	96.0976821674194
65B	140	1384	Ywar Thit	ရွာသစ်	Lower Mingalardon Road	အောက်မင်္ဂလာဒုံလမ်း	Insein	အင်းစိန်	16.925462798129	96.09860481228681
65B	141	1380	Bo Chan	ဘိုခြံ	Lower Mingalardon Road	အောက်မင်္ဂလာဒုံလမ်း	Insein	အင်းစိန်	16.930007017169302	96.10109809320423
65B	142	69	Danyin Gone Lan Sone	ဒညင်းကုန်းလမ်းဆုံ	Lower Mingalardon Road	အောက်မင်္ဂလာဒုံလမ်း	Insein	အင်းစိန်	16.933232955911787	96.10197149799207
65B	143	1514	Sauk Lote Yae	ဆောက်လုပ်ရေး	No. 4 Main Road	အမှတ်(၄)လမ်းမ	Shwe Pyithar	ရွှေပြည်သာ	16.941071	96.102753
65B	144	1512	Phone Gyi Kyaung	ဘုန်းကြီးကျောင်း	No. 4 Main Road	အမှတ်(၄)လမ်းမ	Shwe Pyithar	ရွှေပြည်သာ	16.942795	96.102796
65B	145	1510	Myin Hlae Gate	မြင်းလှည်းဂိတ်	No. 4 Main Road	အမှတ်(၄)လမ်းမ	Shwe Pyithar	ရွှေပြည်သာ	16.94414	96.10285
65B	146	1507	Kan Tharyar	ကန်သာယာ	No. 4 Main Road	အမှတ်(၄)လမ်းမ	Shwe Pyithar	ရွှေပြည်သာ	16.950132390389058	96.10075741074981
65B	147	1508	Kyaung Lan	ကျောင်းလမ်း	No. 4 Main Road	အမှတ်(၄)လမ်းမ	Shwe Pyithar	ရွှေပြည်သာ	16.95163170997072	96.10013970639558
65B	148	1519	Sit Tat	စစ်တပ်	No. 4 Main Road	အမှတ်(၄)လမ်းမ	Shwe Pyithar	ရွှေပြည်သာ	16.958198027604034	96.09759164974095
65B	149	2357	Shwe Pyi Thar Kwae	ရွှေပြည်သာကွေ့	Bogyoke Aung San Road	ဗိုလ်ချုပ်အောင်ဆန်းလမ်း	Shwe Pyithar	ရွှေပြည်သာ	16.961113306399586	96.09623822383584
65B	150	1522	Yae Sin	ရေစင်	Bogyoke Aung San Road	ဗိုလ်ချုပ်အောင်ဆန်းလမ်း	Shwe Pyithar	ရွှေပြည်သာ	16.959964381522152	96.09211206436159
65B	151	1569	Than Lan	သံလမ်း	Bogyoke Aung San Road	ဗိုလ်ချုပ်အောင်ဆန်းလမ်း	Shwe Pyithar	ရွှေပြည်သာ	16.957995	96.087282
65B	152	1561	Khaung Thone Lone	ခေါင်သုံးလုံး	Bogyoke Aung San Road	ဗိုလ်ချုပ်အောင်ဆန်းလမ်း	Shwe Pyithar	ရွှေပြည်သာ	16.957204	96.083989
65B	153	1559	Kar Lay Gate	ကားလေးဂိတ်	Bogyoke Aung San Road	ဗိုလ်ချုပ်အောင်ဆန်းလမ်း	Shwe Pyithar	ရွှေပြည်သာ	16.956507	96.080984
65B	154	84	Htan Chauk Pin	ထန်းခြောက်ပင်	Bogyoke Aung San Road	ဗိုလ်ချုပ်အောင်ဆန်းလမ်း	Shwe Pyithar	ရွှေပြည်သာ	16.956968	96.076414
65B	155	1562	Say Khan	ဆေးခန်း	Bayint Naung Road	ဘုရင့်နောင်လမ်း	Shwe Pyithar	ရွှေပြည်သာ	16.95848753712748	96.07683872804047
65B	156	1556	Kar Gyi Gate	ကားကြီးဂိတ်	Bayint Naung Road	ဘုရင့်နောင်လမ်း	Shwe Pyithar	ရွှေပြည်သာ	16.961580314433366	96.07787607237698
65B	157	1565	Shwe Nyar Maung	ရွှေညာမောင်	Bayint Naung Road	ဘုရင့်နောင်လမ်း	Shwe Pyithar	ရွှေပြည်သာ	16.964019	96.07857
65B	158	1566	Taw Win	တော်ဝင်	Bayint Naung Road	ဘုရင့်နောင်လမ်း	Shwe Pyithar	ရွှေပြည်သာ	16.965855	96.07841
65B	159	1576	Kyaw Swar	ကျော်စွာ	Bayint Naung Road	ဘုရင့်နောင်လမ်း	Shwe Pyithar	ရွှေပြည်သာ	16.968801553958958	96.07717228587718
65B	160	86	Nawarat	နဝရတ်	Bayint Naung Road	ဘုရင့်နောင်လမ်း	Shwe Pyithar	ရွှေပြည်သာ	16.972976513905603	96.07600389048459
65B	161	1584	Yae Chan Sin	ရေချမ်းစင်	Bayint Naung Road	ဘုရင့်နောင်လမ်း	Shwe Pyithar	ရွှေပြည်သာ	16.97668276828205	96.07626850716771
65B	162	1578	Nga Mauk Zay	ငမောက်ဈေး	Bayint Naung Road	ဘုရင့်နောင်လမ်း	Shwe Pyithar	ရွှေပြည်သာ	16.979461719609002	96.07696847990157
65B	163	1583	Thone Htate	(၃) ထိပ်	Bayint Naung Road	ဘုရင့်နောင်လမ်း	Shwe Pyithar	ရွှေပြည်သာ	16.981545364987188	96.07738866470756
65B	164	1581	Sin Hnat Kaung	ဆင်နှစ်ကောင်	Mahar Myaing Road	မဟာမြိုင်လမ်း	Shwe Pyithar	ရွှေပြည်သာ	16.981839608288887	96.07606465928258
65B	165	1571	Koe Thone Lone	ကိုးသုံးလုံး	Mahar Myaing Road	မဟာမြိုင်လမ်း	Shwe Pyithar	ရွှေပြည်သာ	16.982205898668845	96.07449101982638
65B	166	1575	Yone Shae	ရုံးရှေ့	Mahar Myaing Road	မဟာမြိုင်လမ်း	Shwe Pyithar	ရွှေပြည်သာ	16.982644897057696	96.07243236154319
65B	167	1573	Na-gyi Kwae	(ဏ) ကွေ့	Mahar Myaing Road	မဟာမြိုင်လမ်း	Shwe Pyithar	ရွှေပြည်သာ	16.983008861115152	96.07115389080718
65B	168	1593	Nyein Chan Yae	ငြိမ်းချမ်းရေး	Mahabandoola Road	မဟာဗန္ဓုလလမ်း	Shwe Pyithar	ရွှေပြည်သာ	16.98656992387351	96.07196519616993
65B	169	1588	Aung Chan Thar	အောင်ချမ်းသာ	Mahabandoola Road	မဟာဗန္ဓုလလမ်း	Shwe Pyithar	ရွှေပြည်သာ	16.98908231316728	96.07132762670518
65B	170	1591	Aung Myittar	အောင်မေတ္တာ	Mahabandoola Road	မဟာဗန္ဓုလလမ်း	Shwe Pyithar	ရွှေပြည်သာ	16.990693586584005	96.07079189736397
65B	171	1587	Auk Gate	အောက်ဂိတ်	Hlawga Road	လှော်ကားလမ်း	Shwe Pyithar	ရွှေပြည်သာ	17.00111897368812	96.0666501056403
